{"accuracy": [0.11500000208616257, 0.14875000715255737, 0.16249999403953552, 0.1599999964237213, 0.20874999463558197, 0.20499999821186066, 0.22499999403953552, 0.2775000035762787, 0.2787500023841858, 0.30125001072883606], "loss": [2.3264946937561035, 2.2792558670043945, 2.2626991271972656, 2.2361514568328857, 2.214857339859009, 2.1844441890716553, 2.1585309505462646, 2.123723030090332, 2.090404987335205, 2.0496087074279785], "val_accuracy": [0.10000000149011612, 0.07999999821186066, 0.10000000149011612, 0.11500000208616257, 0.10499999672174454, 0.0949999988079071, 0.09000000357627869, 0.0949999988079071, 0.10999999940395355, 0.09000000357627869], "val_loss": [2.3293073177337646, 2.346599817276001, 2.334352493286133, 2.321103572845459, 2.33366322517395, 2.353806972503662, 2.364173173904419, 2.3882992267608643, 2.4154245853424072, 2.4437899589538574]}